{"cameraMode":{"drawMode":0,"name":"Shaded","section":"Shading Mode"},"sceneLighting":true,"audioPlay":false,"sceneViewState":{"showFog":true,"showMaterialUpdate":false,"showSkybox":true,"showFlares":true,"showImageEffects":true,"showParticleSystems":true},"in2DMode":false,"pivot":{"x":-281.084716796875,"y":-217.81021118164063,"z":117.56135559082031},"rotation":{"x":-0.2514841556549072,"y":0.5314739346504211,"z":-0.1689639389514923,"w":-0.7910388112068176},"size":389.0481872558594,"orthographic":false}